<?xml version="1.0" encoding="UTF-8"?>
<project-private xmlns="http://www.netbeans.org/ns/project-private/1">
    <editor-bookmarks xmlns="http://www.netbeans.org/ns/editor-bookmarks/2" lastBookmarkId="0"/>
    <open-files xmlns="http://www.netbeans.org/ns/projectui-open-files/2">
        <group>
            <file>file:/Users/macstudent/Desktop/sukhmandeep%20__co730110_MAD3464_MidtermTest/src/sukhmandeep/__co730110_mad3464_midtermtest/Encryption.java</file>
            <file>file:/Users/macstudent/Desktop/sukhmandeep%20__co730110_MAD3464_MidtermTest/src/sukhmandeep/__co730110_mad3464_midtermtest/Sukhmandeep__co730110_MAD3464_MidtermTest.java</file>
        </group>
    </open-files>
</project-private>
